,SP117655,SP95550
ACA,292,170
ACC,148,87
ACG,32,19
ACT,155,90
CCA,213,123
CCC,154,89
CCG,31,19
CCT,152,88
GCA,156,92
GCC,111,66
GCG,29,18
GCT,115,67
TCA,325,221
TCC,243,154
TCG,44,31
TCT,281,179
ACA,140,84
ACC,95,56
ACG,25,15
ACT,162,97
CCA,89,55
CCC,106,64
CCG,21,13
CCT,154,93
GCA,58,35
GCC,61,37
GCG,14,9
GCT,81,49
TCA,388,363
TCC,199,143
TCG,31,24
TCT,549,478
ACA,289,179
ACC,159,96
ACG,560,316
ACT,217,131
CCA,230,136
CCC,200,121
CCG,353,205
CCT,250,150
GCA,183,114
GCC,150,94
GCG,349,200
GCT,155,95
TCA,1023,506
TCC,391,216
TCG,272,153
TCT,641,324
ATA,73,44
ATC,59,36
ATG,85,51
ATT,113,67
CTA,17,11
CTC,83,49
CTG,43,26
CTT,97,56
GTA,32,19
GTC,38,23
GTG,50,30
GTT,61,36
TTA,90,53
TTC,106,61
TTG,57,34
TTT,219,126
ATA,265,168
ATC,99,61
ATG,217,138
ATT,263,164
CTA,128,77
CTC,116,70
CTG,138,86
CTT,156,94
GTA,84,53
GTC,61,38
GTG,83,53
GTT,94,59
TTA,130,80
TTC,94,57
TTG,81,51
TTT,137,85
ATA,76,44
ATC,72,41
ATG,91,55
ATT,180,103
CTA,37,22
CTC,63,37
CTG,65,39
CTT,138,80
GTA,29,17
GTC,25,14
GTG,53,32
GTT,56,33
TTA,90,53
TTC,120,70
TTG,96,57
TTT,262,152
